Site,Longitude(x),Latitude(y),BIO1_Annual_mean_temperature,BIO7_Temperature_annual_range,BIO12_Annual_precipitation,BIO17_Precipitation_of_driest_quarter,Albany_thicket,Coastal_belt,Desert,Forest,Fynbos,Nama_Karoo,Savanna,Succulent_Karoo,AB_Unmodified_largely_natural_river,C_Moderately_modified_river_condition,D_Largely_modified_river_condition,EF_Extremely_modified_river_condition,Z_River_condition_no_longer_intact,Human_population_density ,Sampling_effort 
1,29.38,-22.13,22.68,29.30,354.00,4.00,0.00,0.00,0.00,0.00,0.00,0.00,0.23,0.00,10379.95,15640.94,0.00,0.00,91.25,6.78,40.00
2,30.88,-22.13,23.44,24.67,487.50,10.00,0.00,0.00,0.00,0.00,0.00,0.00,0.00,0.00,11337.11,7051.14,0.00,8594.42,0.00,0.22,54.00
3,29.13,-22.38,21.91,28.40,350.75,6.00,0.00,0.00,0.00,0.00,0.00,0.00,0.96,0.00,7447.36,7015.40,0.00,0.00,0.00,0.91,22.00
4,30.13,-22.38,22.83,27.15,448.00,9.75,0.00,0.00,0.00,0.00,0.00,0.00,0.83,0.00,94.19,16006.57,10359.21,0.00,0.00,1.10,71.00
5,30.38,-22.38,23.07,25.55,434.00,7.75,0.00,0.00,0.00,0.00,0.00,0.00,0.60,0.00,3375.25,0.00,18949.15,0.00,36.57,5.47,15.00
6,30.63,-22.38,23.12,25.13,466.75,9.00,0.00,0.00,0.00,0.00,0.00,0.00,0.71,0.00,5344.03,0.00,10315.35,0.00,5786.51,4.63,36.00
8,31.13,-22.38,24.08,25.55,446.75,9.00,0.00,0.00,0.00,0.00,0.00,0.00,0.59,0.00,118.13,22260.37,0.00,0.00,0.00,0.18,20.00
9,31.38,-22.38,24.04,25.25,473.75,10.75,0.00,0.00,0.00,0.00,0.00,0.00,0.11,0.00,2302.85,1155.50,0.00,20804.84,0.00,11.50,62.00
10,28.13,-22.63,21.90,29.15,353.25,5.00,0.00,0.00,0.00,0.00,0.00,0.00,0.12,0.00,16689.29,0.00,0.00,9570.15,0.00,0.01,19.00
11,28.38,-22.63,21.71,28.30,328.50,4.75,0.00,0.00,0.00,0.00,0.00,0.00,0.61,0.00,94.98,0.00,0.00,0.00,0.00,0.58,65.00
12,28.88,-22.63,21.55,27.32,344.50,4.50,0.00,0.00,0.00,0.00,0.00,0.00,0.96,0.00,17650.07,3687.72,936.63,0.00,0.00,0.77,66.00
13,29.13,-22.63,20.67,26.28,406.50,6.50,0.00,0.00,0.00,0.00,0.00,0.00,0.96,0.00,2489.45,0.00,0.00,0.00,0.00,0.40,24.00
15,30.13,-22.63,22.28,25.70,527.25,11.75,0.00,0.00,0.00,0.00,0.00,0.00,0.96,0.00,1244.91,5371.29,6209.91,0.00,1661.51,21.02,347.00
16,30.38,-22.63,22.10,24.30,640.25,13.00,0.00,0.00,0.00,0.00,0.00,0.00,0.96,0.00,3375.25,2733.02,6209.91,0.00,1330.34,4.28,105.00
17,30.88,-22.63,22.00,22.67,693.50,18.25,0.00,0.00,0.00,0.00,0.00,0.00,0.96,0.00,2584.60,8135.99,0.00,0.00,4483.83,0.00,38.00
18,31.13,-22.63,23.61,24.38,535.25,13.75,0.00,0.00,0.00,0.00,0.00,0.00,0.96,0.00,1379.81,8135.99,0.00,0.00,0.00,0.18,45.00
19,29.38,-22.88,20.60,27.00,432.25,9.50,0.00,0.00,0.00,0.00,0.00,0.00,0.96,0.00,8743.11,993.15,6338.85,0.00,0.00,1.65,39.00
20,29.63,-22.88,20.99,25.60,436.25,9.50,0.00,0.00,0.00,0.00,0.00,0.00,0.96,0.00,7844.15,1195.03,181.55,0.00,0.00,3.81,54.00
21,29.88,-22.88,20.53,24.08,591.75,16.50,0.00,0.00,0.00,0.00,0.00,0.00,0.96,0.00,0.00,2155.18,4273.14,0.00,1011.66,0.73,55.00
23,30.38,-22.88,18.23,20.13,1490.00,84.00,0.00,0.00,0.00,0.00,0.00,0.00,0.96,0.00,210.07,2733.02,695.69,0.00,1330.34,1.28,66.00
24,30.63,-22.88,21.84,25.80,700.50,20.50,0.00,0.00,0.00,0.00,0.00,0.00,0.96,0.00,10515.04,790.67,7101.88,0.00,2405.33,194.60,31.00
25,31.13,-22.88,22.95,26.95,509.50,13.75,0.00,0.00,0.00,0.00,0.00,0.00,0.96,0.00,8304.47,8135.99,0.00,0.00,0.00,0.02,38.00
26,31.38,-22.88,23.11,26.90,479.25,13.00,0.00,0.00,0.00,0.00,0.00,0.00,0.81,0.00,2766.99,9887.24,0.00,1842.95,0.00,0.02,17.00
28,28.13,-23.13,21.44,27.35,438.25,7.50,0.00,0.00,0.00,0.00,0.00,0.00,0.96,0.00,4573.18,0.00,0.00,0.00,0.00,1.00,27.00
31,29.38,-23.13,19.87,27.12,546.50,15.50,0.00,0.00,0.00,0.00,0.00,0.00,0.96,0.00,0.00,1310.34,6338.85,0.00,6043.26,11.84,143.00
32,29.63,-23.13,20.03,28.25,581.25,19.50,0.00,0.00,0.00,0.00,0.00,0.00,0.96,0.00,6249.30,791.26,181.55,0.00,0.00,1.15,25.00
33,29.88,-23.13,19.56,26.87,685.75,28.00,0.00,0.00,0.00,0.00,0.00,0.00,0.96,0.00,0.00,713.37,1006.49,0.00,1060.28,18.09,54.00
34,30.13,-23.13,20.22,25.95,813.50,33.75,0.00,0.00,0.00,0.00,0.00,0.00,0.96,0.00,0.00,3528.13,259.24,0.00,361.81,3.39,151.00
35,30.38,-23.13,21.37,25.97,806.75,29.75,0.00,0.00,0.00,0.00,0.00,0.00,0.96,0.00,0.00,6803.63,2718.57,0.00,0.00,63.32,31.00
36,31.38,-23.13,23.15,28.10,443.00,13.50,0.00,0.00,0.00,0.00,0.00,0.00,0.96,0.00,9013.11,11978.28,0.00,5569.08,0.00,0.10,55.00
38,27.13,-23.38,21.32,32.27,410.75,7.00,0.00,0.00,0.00,0.00,0.00,0.00,0.00,0.00,2.47,33551.20,0.00,7884.35,0.00,0.49,11.00
40,29.38,-23.38,19.30,27.40,580.50,18.00,0.00,0.00,0.00,0.00,0.00,0.00,0.97,0.00,0.00,1310.34,6789.64,0.00,4095.03,1.21,21.00
42,31.63,-23.38,23.09,23.28,460.25,17.00,0.00,0.00,0.00,0.00,0.00,0.00,0.19,0.00,5279.47,0.00,0.00,6907.19,0.00,3.23,11.00
43,27.13,-23.63,21.32,32.27,410.75,7.00,0.00,0.00,0.00,0.00,0.00,0.00,0.69,0.00,83.24,12254.26,0.00,0.00,0.00,0.49,16.00
44,27.88,-23.63,21.22,29.17,467.00,9.50,0.00,0.00,0.00,0.00,0.00,0.00,0.97,0.00,3648.15,3944.46,15360.72,0.00,0.00,0.38,24.00
45,28.13,-23.63,20.99,29.78,475.00,11.00,0.00,0.00,0.00,0.00,0.00,0.00,0.97,0.00,3810.91,1027.10,22517.52,0.00,0.00,1.82,43.00
48,30.13,-23.63,20.47,25.02,770.50,34.25,0.00,0.00,0.00,0.00,0.00,0.00,0.97,0.00,0.00,741.28,5485.52,0.00,90.29,14.79,20.00
50,30.88,-23.63,22.38,25.90,518.50,15.50,0.00,0.00,0.00,0.00,0.00,0.00,0.97,0.00,2092.02,4756.19,10923.91,0.00,0.00,0.00,11.00
51,31.38,-23.63,22.38,24.30,503.50,17.25,0.00,0.00,0.00,0.00,0.00,0.00,0.97,0.00,3647.91,9008.53,0.00,0.00,0.00,0.11,31.00
52,27.88,-23.88,19.93,25.57,514.00,12.00,0.00,0.00,0.00,0.00,0.00,0.00,0.97,0.00,3648.15,3177.85,0.00,0.00,0.00,0.37,31.00
53,28.13,-23.88,18.51,25.75,582.00,14.00,0.00,0.00,0.00,0.00,0.00,0.00,0.97,0.00,5748.39,2679.15,0.00,0.00,0.00,0.24,130.00
54,28.38,-23.88,18.81,27.20,553.00,13.00,0.00,0.00,0.00,0.00,0.00,0.00,0.97,0.00,2279.01,1308.20,10050.23,0.00,0.00,0.56,57.00
55,29.38,-23.88,18.12,26.53,601.00,17.75,0.00,0.00,0.00,0.00,0.00,0.00,0.97,0.00,408.46,3757.16,6881.98,4811.30,556.24,1.67,29.00
56,29.88,-23.88,15.89,23.85,1103.00,56.50,0.00,0.00,0.00,0.00,0.00,0.00,0.97,0.00,38.10,1692.65,441.07,0.00,150.30,86.22,241.00
57,30.13,-23.88,19.76,24.43,879.00,48.25,0.00,0.00,0.00,0.00,0.00,0.00,0.97,0.00,718.54,1873.24,3441.67,0.00,2266.55,51.23,85.00
58,30.38,-23.88,21.80,26.93,567.00,20.00,0.00,0.00,0.00,0.00,0.00,0.00,0.97,0.00,26.76,6842.81,12213.33,0.00,0.00,9.86,20.00
61,31.63,-23.88,23.28,24.73,487.75,17.50,0.00,0.00,0.00,0.00,0.00,0.00,0.94,0.00,4976.34,18.04,0.00,3286.40,0.00,0.11,137.00
64,27.13,-24.13,20.67,31.57,505.00,11.00,0.00,0.00,0.00,0.00,0.00,0.00,0.97,0.00,0.00,15573.90,0.00,0.00,0.00,0.62,88.00
65,27.63,-24.13,19.47,28.25,545.50,12.00,0.00,0.00,0.00,0.00,0.00,0.00,0.97,0.00,1943.36,10253.73,0.00,0.00,0.00,0.74,23.00
66,27.88,-24.13,19.29,29.33,551.25,13.00,0.00,0.00,0.00,0.00,0.00,0.00,0.97,0.00,1841.02,8723.70,688.89,0.00,0.00,0.61,54.00
67,28.13,-24.13,18.07,28.37,590.00,13.25,0.00,0.00,0.00,0.00,0.00,0.00,0.97,0.00,2445.38,1011.71,3256.67,0.00,0.00,0.61,130.00
68,28.38,-24.13,17.57,26.85,646.00,16.00,0.00,0.00,0.00,0.00,0.00,0.00,0.97,0.00,2893.27,6289.65,2793.39,0.00,0.00,0.52,39.00
69,28.63,-24.13,17.73,25.58,620.75,15.75,0.00,0.00,0.00,0.00,0.00,0.00,0.97,0.00,2960.53,3782.29,3297.86,0.00,0.00,0.74,15.00
70,28.88,-24.13,17.27,24.47,651.50,16.75,0.00,0.00,0.00,0.00,0.00,0.00,0.97,0.00,1786.52,10603.29,1813.55,0.00,272.32,2.23,31.00
74,29.88,-24.13,16.02,22.47,1020.75,47.75,0.00,0.00,0.00,0.00,0.00,0.00,0.97,0.00,38.10,4788.72,1157.54,0.00,973.35,0.38,11.00
75,30.13,-24.13,19.66,24.58,806.00,35.75,0.00,0.00,0.00,0.00,0.00,0.00,0.97,0.00,718.54,1512.05,543.15,0.00,1690.40,0.38,55.00
76,30.38,-24.13,21.09,25.52,687.25,26.00,0.00,0.00,0.00,0.00,0.00,0.00,0.97,0.00,26.76,4535.75,4177.37,0.00,3920.76,4.18,43.00
80,31.63,-24.13,22.86,25.35,508.50,21.25,0.00,0.00,0.00,0.00,0.00,0.00,0.97,0.00,1557.74,8425.93,0.00,0.00,0.00,0.07,59.00
81,31.88,-24.13,22.83,23.75,528.00,24.25,0.00,0.00,0.00,0.00,0.00,0.00,0.61,0.00,282.96,8808.65,0.00,3236.88,0.00,0.07,24.00
82,27.63,-24.38,18.39,25.38,633.25,17.25,0.00,0.00,0.00,0.00,0.00,0.00,0.97,0.00,1335.38,1590.51,2773.85,0.00,0.00,0.01,15.00
83,27.88,-24.38,17.67,27.17,645.25,16.75,0.00,0.00,0.00,0.00,0.00,0.00,0.97,0.00,1431.72,447.61,688.89,0.00,0.00,0.69,112.00
84,28.13,-24.38,18.45,28.18,600.50,15.00,0.00,0.00,0.00,0.00,0.00,0.00,0.97,0.00,2010.11,3266.02,3256.67,0.00,0.00,1.60,59.00
86,28.63,-24.38,18.41,28.90,597.00,13.25,0.00,0.00,0.00,0.00,0.00,0.00,0.97,0.00,1761.40,1707.30,10685.39,0.00,0.00,1.34,42.00
87,28.88,-24.38,19.16,27.60,555.50,13.75,0.00,0.00,0.00,0.00,0.00,0.00,0.97,0.00,1410.78,28978.75,6400.78,0.00,3270.31,1.02,176.00
89,30.63,-24.38,21.71,24.62,627.25,18.00,0.00,0.00,0.00,0.00,0.00,0.00,0.97,0.00,3730.20,0.00,4207.43,0.00,0.00,142.06,41.00
90,30.88,-24.38,21.90,25.60,659.75,19.75,0.00,0.00,0.00,0.00,0.00,0.00,0.97,0.00,2523.30,1722.39,4438.68,0.00,0.00,10.00,59.00
91,31.13,-24.38,22.24,24.18,674.75,22.75,0.00,0.00,0.00,0.00,0.00,0.00,0.97,0.00,4266.35,4339.07,0.00,0.00,0.00,1.14,14.00
93,31.63,-24.38,21.84,23.73,598.75,25.75,0.00,0.00,0.00,0.00,0.00,0.00,0.97,0.00,9360.65,0.00,0.00,0.00,0.00,0.07,16.00
94,31.88,-24.38,22.58,25.60,540.50,27.75,0.00,0.00,0.00,0.00,0.00,0.00,0.94,0.00,749.55,0.00,0.00,0.00,0.00,0.07,31.00
97,27.88,-24.63,18.92,29.60,589.50,17.00,0.00,0.00,0.00,0.00,0.00,0.00,0.97,0.00,1579.60,6290.91,2492.42,0.00,1678.93,0.31,11.00
98,28.13,-24.63,17.72,28.08,644.25,16.00,0.00,0.00,0.00,0.00,0.00,0.00,0.97,0.00,383.57,1009.28,7805.37,0.00,1095.80,2.52,35.00
99,28.38,-24.63,17.60,26.55,650.75,14.25,0.00,0.00,0.00,0.00,0.00,0.00,0.97,0.00,418.68,1061.63,662.55,0.00,0.00,1.60,628.00
100,28.63,-24.63,18.68,28.47,588.75,11.25,0.00,0.00,0.00,0.00,0.00,0.00,0.97,0.00,2178.86,6739.50,6771.71,0.00,0.00,1.35,402.00
101,28.88,-24.63,19.68,30.90,550.00,14.00,0.00,0.00,0.00,0.00,0.00,0.00,0.97,0.00,4929.60,3130.10,0.00,0.00,6276.64,2.13,203.00
105,30.63,-24.63,19.19,25.15,830.00,28.75,0.00,0.00,0.00,0.00,0.00,0.00,0.69,0.00,313.78,0.00,3307.25,0.00,128.35,2.08,37.00
106,30.88,-24.63,14.48,17.40,1163.75,60.00,0.00,0.00,0.00,0.00,0.00,0.00,0.51,0.00,4496.51,1472.81,3307.25,0.00,0.00,0.28,148.00
107,31.13,-24.63,21.46,22.85,792.75,30.00,0.00,0.00,0.00,0.00,0.00,0.00,0.97,0.00,5896.92,6574.80,123.30,4003.63,1617.92,705.04,22.00
112,27.38,-24.88,20.31,32.88,638.75,19.25,0.00,0.00,0.00,0.00,0.00,0.00,0.98,0.00,0.00,27000.00,12464.82,0.00,0.00,0.53,32.00
113,27.63,-24.88,18.34,26.13,646.50,19.25,0.00,0.00,0.00,0.00,0.00,0.00,0.98,0.00,2042.24,3983.84,0.00,4133.31,3515.73,1.13,11.00
114,28.13,-24.88,18.83,27.93,615.75,15.25,0.00,0.00,0.00,0.00,0.00,0.00,0.98,0.00,198.61,1357.06,415.68,0.00,5733.53,10.23,95.00
115,28.38,-24.88,18.70,28.75,616.50,11.25,0.00,0.00,0.00,0.00,0.00,0.00,0.98,0.00,0.00,230.21,6403.46,0.00,0.00,11.32,43.00
116,28.88,-24.88,19.75,31.17,569.00,12.75,0.00,0.00,0.00,0.00,0.00,0.00,0.98,0.00,496.42,2812.06,12859.29,0.00,3859.20,1.51,11.00
117,29.38,-24.88,20.28,29.88,544.75,13.75,0.00,0.00,0.00,0.00,0.00,0.00,0.98,0.00,1744.08,839.11,2397.64,5594.89,1390.41,0.51,50.00
120,30.63,-24.88,15.61,22.72,928.00,37.50,0.00,0.00,0.00,0.00,0.00,0.00,0.08,0.00,1219.47,69.15,3047.34,0.00,2613.98,0.52,72.00
121,30.88,-24.88,14.83,17.88,1053.25,48.75,0.00,0.00,0.00,0.00,0.00,0.00,0.33,0.00,9504.52,1472.81,1250.73,0.00,85.46,1.10,144.00
123,31.38,-24.88,21.51,23.33,671.00,31.75,0.00,0.00,0.00,0.00,0.00,0.00,0.98,0.00,11460.39,5036.87,1880.69,4003.63,1191.81,1288.98,67.00
124,31.63,-24.88,21.76,24.48,628.00,28.25,0.00,0.00,0.00,0.00,0.00,0.00,0.98,0.00,7271.75,5663.14,0.00,0.00,5293.13,0.07,117.00
125,31.88,-24.88,21.92,23.17,628.00,29.75,0.00,0.00,0.00,0.00,0.00,0.00,0.98,0.00,946.96,0.00,0.00,0.00,577.74,0.07,118.00
132,29.38,-25.13,20.07,28.57,607.50,14.75,0.00,0.00,0.00,0.00,0.00,0.00,0.98,0.00,1744.08,2065.92,5091.92,0.00,961.44,119.50,13.00
133,30.13,-25.13,16.95,24.70,699.25,22.00,0.00,0.00,0.00,0.00,0.00,0.00,0.23,0.00,3771.79,1552.29,0.00,0.00,360.79,2.05,21.00
134,30.38,-25.13,15.60,25.82,776.00,27.25,0.00,0.00,0.00,0.00,0.00,0.00,0.00,0.00,1972.90,1291.13,0.00,0.00,502.87,1.95,91.00
135,30.63,-25.13,12.26,17.02,1093.50,52.00,0.00,0.00,0.00,0.00,0.00,0.00,0.05,0.00,251.31,69.15,0.00,0.00,267.97,3.17,38.00
136,30.88,-25.13,15.65,18.35,980.50,42.75,0.00,0.00,0.00,0.00,0.00,0.00,0.36,0.00,2034.43,69.26,1250.73,0.00,85.46,6.44,282.00
137,31.13,-25.13,20.28,24.20,808.00,39.75,0.00,0.00,0.00,0.00,0.00,0.00,0.98,0.00,5334.12,2477.19,267.94,0.00,148.92,1354.93,153.00
139,31.63,-25.13,21.84,24.22,624.00,28.00,0.00,0.00,0.00,0.00,0.00,0.00,0.98,0.00,4733.30,13633.63,14163.11,0.00,1064.33,0.07,11.00
140,31.88,-25.13,22.39,23.00,608.00,26.75,0.00,0.00,0.00,0.00,0.00,0.00,0.98,0.00,8179.38,0.00,0.00,0.00,577.74,0.07,71.00
144,28.13,-25.38,19.47,29.60,578.50,16.00,0.00,0.00,0.00,0.00,0.00,0.00,0.98,0.00,0.00,7841.55,15437.75,6582.51,0.00,94.57,32.00
145,28.38,-25.38,19.12,29.05,586.00,15.25,0.00,0.00,0.00,0.00,0.00,0.00,0.98,0.00,0.00,24702.34,15437.75,4159.69,2580.11,0.87,21.00
147,29.13,-25.38,18.47,25.33,658.00,16.00,0.00,0.00,0.00,0.00,0.00,0.00,0.98,0.00,250.42,4984.96,5049.27,0.00,0.00,0.82,36.00
148,29.38,-25.38,20.52,28.58,633.00,15.25,0.00,0.00,0.00,0.00,0.00,0.00,0.98,0.00,1494.35,5979.90,11926.96,0.00,2458.22,11.33,80.00
149,29.88,-25.38,16.35,26.05,716.25,23.50,0.00,0.00,0.00,0.00,0.00,0.00,0.00,0.00,2993.68,1437.89,0.00,0.00,2047.62,1.01,34.00
150,30.13,-25.38,12.29,19.67,933.75,42.75,0.00,0.00,0.00,0.00,0.00,0.00,0.00,0.00,4258.04,2970.95,0.00,0.00,651.32,1.54,89.00
151,30.38,-25.38,17.52,25.50,714.50,23.00,0.00,0.00,0.00,0.00,0.00,0.00,0.07,0.00,1583.36,2970.95,528.80,0.00,218.71,11.23,70.00
152,30.63,-25.38,17.06,21.25,836.50,30.25,0.00,0.00,0.00,0.00,0.00,0.00,0.50,0.00,1286.71,3050.90,0.00,0.00,2106.63,3.78,84.00
153,30.88,-25.38,19.12,25.25,811.50,31.00,0.00,0.00,0.00,0.00,0.00,0.00,0.74,0.00,2598.12,1457.57,0.00,0.00,2083.56,7.50,285.00
154,31.13,-25.38,20.51,24.75,777.00,35.25,0.00,0.00,0.00,0.00,0.00,0.00,0.98,0.00,895.34,7617.42,10115.44,0.00,0.00,148.55,23.00
156,31.63,-25.38,21.76,23.43,618.50,26.25,0.00,0.00,0.00,0.00,0.00,0.00,0.98,0.00,6082.75,13633.63,14163.11,0.00,2722.85,0.07,108.00
157,31.88,-25.38,22.70,23.87,617.00,25.25,0.00,0.00,0.00,0.00,0.00,0.00,0.96,0.00,5026.88,13633.63,14163.11,0.00,1550.92,9.95,211.00
159,27.13,-25.63,18.13,27.22,676.25,20.25,0.00,0.00,0.00,0.00,0.00,0.00,0.98,0.00,330.63,5338.46,7041.56,0.00,0.00,13.85,82.00
161,27.88,-25.63,18.90,28.83,629.00,16.00,0.00,0.00,0.00,0.00,0.00,0.00,0.98,0.00,0.00,3486.33,5280.42,0.00,3231.16,2.89,56.00
162,28.13,-25.63,18.39,28.95,654.50,13.75,0.00,0.00,0.00,0.00,0.00,0.00,0.98,0.00,0.00,691.85,5094.84,0.00,1317.87,16.54,81.00
163,28.38,-25.63,18.56,28.30,643.50,15.75,0.00,0.00,0.00,0.00,0.00,0.00,0.98,0.00,0.00,9284.04,1350.85,4159.69,0.00,75.37,46.00
164,28.63,-25.63,17.69,27.70,671.25,16.00,0.00,0.00,0.00,0.00,0.00,0.00,0.62,0.00,0.00,7900.59,1286.08,0.00,1610.91,11.13,78.00
165,28.88,-25.63,17.38,26.53,656.25,16.00,0.00,0.00,0.00,0.00,0.00,0.00,0.51,0.00,0.00,3091.10,521.25,0.00,3132.43,8.90,300.00
166,29.38,-25.63,16.68,26.35,669.50,16.00,0.00,0.00,0.00,0.00,0.00,0.00,0.10,0.00,1105.07,4094.54,285.53,0.00,1272.43,2.85,18.00
168,30.13,-25.63,14.16,24.60,842.50,39.25,0.00,0.00,0.00,0.00,0.00,0.00,0.00,0.00,3205.76,2604.60,0.00,0.00,651.32,0.50,102.00
169,30.38,-25.63,15.35,22.12,837.25,32.00,0.00,0.00,0.00,0.00,0.00,0.00,0.00,0.00,61.54,4183.75,528.80,0.00,907.98,1.39,11.00
170,30.63,-25.63,15.92,20.80,917.50,34.50,0.00,0.00,0.00,0.00,0.00,0.00,0.15,0.00,3336.98,101.07,734.43,0.00,83.04,1.82,13.00
171,30.88,-25.63,18.85,25.75,817.00,28.75,0.00,0.00,0.00,0.00,0.00,0.00,0.87,0.00,328.95,524.01,0.00,0.00,0.00,6.79,29.00
172,31.13,-25.63,19.34,22.47,816.75,31.00,0.00,0.00,0.00,0.00,0.00,0.00,0.94,0.00,895.34,5445.55,0.00,0.00,86.53,5.93,94.00
173,31.38,-25.63,19.19,20.97,933.50,40.50,0.00,0.00,0.00,0.00,0.00,0.00,0.75,0.00,0.00,3147.11,0.00,0.00,858.06,15.35,108.00
177,27.38,-25.88,17.17,27.35,674.25,18.00,0.00,0.00,0.00,0.00,0.00,0.00,0.92,0.00,2410.83,2556.33,4236.70,0.00,2487.02,5.84,151.00
178,27.63,-25.88,17.82,30.00,659.00,16.00,0.00,0.00,0.00,0.00,0.00,0.00,0.91,0.00,1066.38,5147.02,1620.37,0.00,0.00,10.18,17.00
179,27.88,-25.88,17.40,27.52,697.00,14.00,0.00,0.00,0.00,0.00,0.00,0.00,0.31,0.00,2169.82,11905.70,2858.08,671.21,0.00,20.22,167.00
180,28.13,-25.88,17.37,26.83,717.50,15.00,0.00,0.00,0.00,0.00,0.00,0.00,0.17,0.00,0.00,5307.55,681.00,815.37,1037.53,1895.11,184.00
181,28.38,-25.88,16.25,27.10,714.00,16.00,0.00,0.00,0.00,0.00,0.00,0.00,0.46,0.00,0.00,7121.48,2467.31,0.00,5934.48,41.59,318.00
182,28.63,-25.88,16.30,28.67,710.25,18.00,0.00,0.00,0.00,0.00,0.00,0.00,0.08,0.00,0.00,2329.74,1753.80,0.00,5934.48,4.05,60.00
184,29.38,-25.88,15.87,28.18,661.00,17.00,0.00,0.00,0.00,0.00,0.00,0.00,0.00,0.00,0.00,80.79,5955.42,0.00,1272.43,20.24,19.00
186,30.13,-25.88,15.07,25.17,771.75,30.25,0.00,0.00,0.00,0.00,0.00,0.00,0.00,0.00,1077.48,2604.60,0.00,0.00,864.85,2.30,11.00
187,30.38,-25.88,15.04,20.95,874.00,34.25,0.00,0.00,0.00,0.00,0.00,0.00,0.00,0.00,1776.16,4183.75,0.00,0.00,9.54,1.43,33.00
188,30.63,-25.88,18.84,26.93,820.25,28.00,0.00,0.00,0.00,0.00,0.00,0.00,0.34,0.00,142.15,101.07,1787.75,0.00,111.98,7.08,131.00
189,30.88,-25.88,16.58,20.45,1024.00,41.25,0.00,0.00,0.00,0.00,0.00,0.00,0.41,0.00,328.95,1187.96,0.00,0.00,1019.58,2.78,120.00
190,31.13,-25.88,16.98,19.00,1087.75,46.75,0.00,0.00,0.00,0.00,0.00,0.00,0.19,0.00,707.51,2073.83,0.00,0.00,86.53,2.86,76.00
192,20.38,-26.13,20.11,34.80,210.50,5.00,0.00,0.00,0.00,0.00,0.00,0.00,0.99,0.00,7774.87,0.00,0.00,0.00,0.00,0.04,13.00
196,27.88,-26.13,15.98,24.82,722.75,17.75,0.00,0.00,0.00,0.00,0.00,0.00,0.12,0.00,0.00,0.00,4075.48,671.21,2081.97,1420.27,257.00
197,28.13,-26.13,16.23,25.65,730.00,16.25,0.00,0.00,0.00,0.00,0.00,0.00,0.02,0.00,0.00,0.00,2859.20,815.37,1037.53,1376.07,142.00
198,28.38,-26.13,15.67,27.70,735.75,18.00,0.00,0.00,0.00,0.00,0.00,0.00,0.00,0.00,0.00,2630.07,5459.90,10927.95,5934.48,1942.82,13.00
199,30.13,-26.13,14.80,27.20,769.75,27.00,0.00,0.00,0.00,0.00,0.00,0.00,0.00,0.00,1735.00,3757.08,0.00,0.00,864.85,3.46,24.00
200,30.38,-26.13,14.67,22.20,869.75,31.25,0.00,0.00,0.00,0.00,0.00,0.00,0.00,0.00,7181.18,1215.45,0.00,0.00,4740.80,1.86,18.00
202,30.88,-26.13,18.14,22.82,1099.00,45.00,0.00,0.00,0.00,0.00,0.00,0.00,0.30,0.00,554.01,5955.24,0.00,0.00,7404.69,2.04,55.00
211,30.63,-26.38,14.50,22.72,954.75,35.00,0.00,0.00,0.00,0.00,0.00,0.00,0.00,0.00,8215.23,1668.62,1761.35,0.00,4003.47,4.24,44.00
212,25.63,-26.63,17.56,30.58,562.75,15.50,0.00,0.00,0.00,0.00,0.00,0.00,0.02,0.00,0.00,9426.75,18290.90,0.00,0.00,4.21,38.00
217,27.38,-26.63,16.70,32.77,635.75,20.00,0.00,0.00,0.00,0.00,0.00,0.00,0.08,0.00,0.00,8785.81,4121.59,0.00,2482.15,3.15,19.00
218,27.88,-26.63,16.55,29.07,644.50,19.50,0.00,0.00,0.00,0.00,0.00,0.00,0.00,0.00,0.00,6444.02,4058.68,0.00,1888.91,150.40,23.00
219,28.13,-26.63,15.75,30.12,658.25,21.25,0.00,0.00,0.00,0.00,0.00,0.00,0.17,0.00,0.00,9195.06,10368.74,0.00,3665.74,6.01,18.00
220,28.38,-26.63,15.83,29.00,670.00,22.00,0.00,0.00,0.00,0.00,0.00,0.00,0.25,0.00,0.00,3621.09,9382.54,0.00,1175.37,4.72,26.00
221,28.88,-26.63,15.16,28.70,689.50,25.00,0.00,0.00,0.00,0.00,0.00,0.00,0.02,0.00,714.34,6749.71,15296.41,0.00,636.22,3.75,24.00
223,30.63,-26.63,16.77,26.80,905.25,33.75,0.00,0.00,0.00,0.00,0.00,0.00,0.00,0.00,2361.58,8349.85,1761.35,1933.25,1478.30,4.98,83.00
224,30.88,-26.63,15.98,21.15,1025.50,42.75,0.00,0.00,0.00,0.00,0.00,0.00,0.10,0.00,318.15,462.43,4525.77,1954.30,1649.12,18.29,14.00
231,28.13,-26.88,15.83,24.27,642.50,23.25,0.00,0.00,0.00,0.00,0.00,0.00,0.29,0.00,0.00,9195.06,21846.98,0.00,2948.14,4.63,20.00
232,30.13,-26.88,14.49,28.18,776.25,30.00,0.00,0.00,0.00,0.00,0.00,0.00,0.00,0.00,25632.61,8478.82,23607.23,0.00,1606.24,1.56,30.00
233,30.38,-26.88,15.49,26.18,831.25,31.25,0.00,0.00,0.00,0.00,0.00,0.00,0.00,0.00,3255.81,8694.47,13676.00,0.00,2316.15,12.02,12.00
234,30.63,-26.88,15.79,24.33,892.50,35.00,0.00,0.00,0.00,0.00,0.00,0.00,0.00,0.00,1090.54,0.00,13676.00,0.00,3117.30,7.43,13.00
237,32.13,-26.88,21.67,21.95,639.00,32.75,0.00,0.00,0.00,0.00,0.00,0.00,0.83,0.00,5460.19,45248.53,0.00,0.00,778.21,1.72,82.00
238,32.38,-26.88,22.72,23.10,648.00,38.25,0.00,0.00,0.00,0.00,0.00,0.00,0.55,0.00,15573.51,19249.09,0.00,30145.58,0.00,0.00,115.00
240,32.88,-26.88,22.51,16.57,833.50,92.75,0.00,0.26,0.00,0.00,0.00,0.00,0.01,0.00,12373.98,0.00,0.00,0.00,0.00,43.36,358.00
245,30.13,-27.13,14.40,26.22,757.50,30.50,0.00,0.00,0.00,0.00,0.00,0.00,0.00,0.00,9709.07,0.00,0.00,0.00,8319.37,2.59,219.00
246,30.38,-27.13,16.44,27.52,830.50,34.00,0.00,0.00,0.00,0.00,0.00,0.00,0.00,0.00,842.80,0.00,13676.00,0.00,1391.45,8.69,16.00
247,30.88,-27.13,16.93,25.22,885.25,40.75,0.00,0.00,0.00,0.00,0.00,0.00,0.00,0.00,8376.94,0.00,10720.28,0.00,999.34,12.02,33.00
248,31.13,-27.13,17.99,24.00,821.50,44.00,0.00,0.00,0.00,0.00,0.00,0.00,0.02,0.00,181.18,1511.63,3416.90,0.00,445.59,141.72,23.00
252,32.63,-27.13,22.02,19.53,788.50,69.25,0.00,0.97,0.00,0.00,0.00,0.00,0.00,0.00,8840.81,0.00,0.00,0.00,0.00,1.78,12.00
259,29.88,-27.38,14.76,26.55,793.75,35.50,0.00,0.00,0.00,0.00,0.00,0.00,0.00,0.00,1837.52,18191.88,0.00,0.00,0.00,652.61,82.00
260,30.13,-27.38,14.00,25.98,764.25,33.00,0.00,0.00,0.00,0.00,0.00,0.00,0.00,0.00,4971.94,7133.01,0.00,0.00,54.36,58.56,111.00
262,30.63,-27.38,17.11,26.83,883.25,37.25,0.00,0.00,0.00,0.00,0.00,0.00,0.00,0.00,1394.10,0.00,0.00,0.00,311.79,30.49,12.00
263,30.88,-27.38,17.43,24.17,900.50,41.25,0.00,0.00,0.00,0.00,0.00,0.00,0.07,0.00,8376.94,77.49,0.00,0.00,743.94,3.89,24.00
264,31.38,-27.38,19.72,20.85,751.00,43.25,0.00,0.00,0.00,0.00,0.00,0.00,0.54,0.00,4356.85,3195.09,0.00,0.00,26.11,12.27,64.00
265,31.63,-27.38,21.25,24.63,665.00,45.50,0.00,0.00,0.00,0.00,0.00,0.00,1.00,0.00,156.42,9076.25,2665.97,0.00,1015.34,334.15,18.00
266,31.88,-27.38,22.16,24.15,597.00,41.00,0.00,0.00,0.00,0.00,0.00,0.00,1.00,0.00,73.27,9076.25,2439.49,0.00,4317.33,7.39,14.00
268,32.38,-27.38,21.98,21.58,704.25,52.50,0.00,0.30,0.00,0.00,0.00,0.00,0.69,0.00,7333.70,19775.16,0.00,0.00,0.00,12.99,16.00
269,32.63,-27.38,22.23,18.45,768.00,74.00,0.00,0.87,0.00,0.00,0.00,0.00,0.01,0.00,4148.25,0.00,0.00,0.00,0.00,10.67,17.00
273,30.13,-27.63,17.20,26.23,786.75,32.00,0.00,0.00,0.00,0.00,0.00,0.00,0.00,0.00,71.79,3282.61,15414.45,0.00,54.36,4.37,47.00
274,30.38,-27.63,16.25,24.18,817.50,36.75,0.00,0.00,0.00,0.00,0.00,0.00,0.00,0.00,1176.86,0.00,0.00,0.00,625.91,7.40,35.00
275,30.63,-27.63,15.97,24.92,888.75,42.75,0.00,0.00,0.00,0.00,0.00,0.00,0.00,0.00,5131.59,1427.78,0.00,0.00,99.38,11.01,16.00
277,31.13,-27.63,17.42,24.05,841.75,44.25,0.00,0.00,0.00,0.00,0.00,0.00,0.14,0.00,10339.86,3396.07,0.00,1980.75,1413.16,18.39,21.00
278,31.38,-27.63,18.94,22.35,796.00,49.75,0.00,0.00,0.00,0.00,0.00,0.00,0.55,0.00,850.90,992.79,0.00,0.00,424.64,11.54,39.00
280,32.13,-27.63,20.80,19.57,802.00,62.50,0.00,0.00,0.00,0.00,0.00,0.00,1.00,0.00,15105.29,0.00,408.86,0.00,4928.67,46.91,54.00
281,32.38,-27.63,22.17,21.15,785.00,66.75,0.00,0.46,0.00,0.00,0.00,0.00,0.53,0.00,172.45,0.00,12686.51,0.00,4928.67,142.09,252.00
282,32.63,-27.63,22.19,17.23,865.50,90.50,0.00,0.59,0.00,0.00,0.00,0.00,0.00,0.00,2242.42,0.00,0.00,0.00,8819.57,0.00,96.00
284,24.63,-27.88,19.22,32.80,466.50,15.00,0.00,0.00,0.00,0.00,0.00,0.00,1.00,0.00,9199.49,5588.75,13135.50,0.00,7091.89,76.62,20.00
288,30.38,-27.88,17.00,27.03,818.25,42.00,0.00,0.00,0.00,0.00,0.00,0.00,0.00,0.00,19773.01,4795.00,20558.84,0.00,1001.03,4.63,11.00
289,30.63,-27.88,16.90,27.65,839.00,44.00,0.00,0.00,0.00,0.00,0.00,0.00,0.00,0.00,6660.76,5242.40,0.00,0.00,7639.70,6.55,14.00
291,31.38,-27.88,16.79,18.95,879.75,58.00,0.00,0.00,0.00,0.00,0.00,0.00,0.57,0.00,1645.61,3069.17,0.00,0.00,228.79,3.63,33.00
293,32.38,-27.88,22.25,20.12,892.50,95.00,0.00,0.53,0.00,0.00,0.00,0.00,0.46,0.00,24106.81,0.00,571.74,0.00,4928.67,29.26,83.00
300,30.13,-28.13,16.27,27.75,816.75,44.25,0.00,0.00,0.00,0.00,0.00,0.00,0.09,0.00,6346.15,2784.83,3253.85,0.00,5332.86,10.53,11.00
301,30.38,-28.13,17.05,27.10,812.75,47.00,0.00,0.00,0.00,0.00,0.00,0.00,0.00,0.00,20593.80,9946.76,20558.84,0.00,1453.15,6.44,11.00
302,30.63,-28.13,16.42,24.62,825.00,45.50,0.00,0.00,0.00,0.00,0.00,0.00,0.00,0.00,41058.48,0.00,7778.05,0.00,1998.09,183.63,10.00
304,31.13,-28.13,17.27,22.03,856.50,51.75,0.00,0.00,0.00,0.00,0.00,0.00,0.73,0.00,3013.08,0.00,0.00,0.00,973.74,4.72,18.00
306,32.13,-28.13,21.13,19.40,1001.50,110.75,0.00,0.00,0.00,0.00,0.00,0.00,1.00,0.00,3819.98,0.00,0.00,0.00,175.21,45.38,114.00
307,32.38,-28.13,22.12,19.30,1016.25,125.00,0.00,0.70,0.00,0.00,0.00,0.00,0.28,0.00,23094.96,0.00,0.00,0.00,5778.26,0.95,248.00
312,28.63,-28.38,13.74,27.17,750.50,40.50,0.00,0.00,0.00,0.00,0.00,0.00,0.00,0.00,9580.47,5232.90,0.00,0.00,5042.63,1.20,15.00
313,29.13,-28.38,14.10,29.35,757.25,41.75,0.00,0.00,0.00,0.00,0.00,0.00,0.00,0.00,19247.15,39459.78,93.74,0.00,2872.48,1.00,18.00
314,29.38,-28.38,14.35,26.85,812.75,42.25,0.00,0.00,0.00,0.00,0.00,0.00,0.00,0.00,33918.49,155.26,0.00,0.00,4453.91,5.20,28.00
316,30.13,-28.38,17.84,28.22,759.00,36.25,0.00,0.00,0.00,0.00,0.00,0.00,0.21,0.00,3126.65,5544.91,3253.85,0.00,760.35,6.68,33.00
319,30.88,-28.38,16.76,24.25,808.00,41.25,0.00,0.00,0.00,0.00,0.00,0.00,0.11,0.00,6144.97,0.00,0.00,0.00,2943.06,1.46,12.00
321,31.88,-28.38,21.89,23.05,1004.25,114.00,0.00,0.00,0.00,0.00,0.00,0.00,1.00,0.00,11019.18,0.00,0.00,0.00,1763.00,0.30,11.00
323,32.38,-28.38,21.65,17.32,1225.75,180.00,0.00,0.73,0.00,0.00,0.00,0.00,0.00,0.00,40294.60,0.00,0.00,0.00,7057.96,906.13,236.00
325,20.13,-28.63,20.18,32.50,174.00,9.50,0.00,0.00,0.00,0.00,0.00,0.95,0.00,0.00,7605.41,12695.48,0.00,0.00,0.00,0.04,42.00
326,20.38,-28.63,20.51,31.88,156.00,9.25,0.00,0.00,0.00,0.00,0.00,0.95,0.00,0.00,2098.28,12695.48,0.00,0.00,7522.72,24.84,13.00
334,28.63,-28.63,11.92,25.82,839.50,44.25,0.00,0.00,0.00,0.00,0.00,0.00,0.00,0.00,3677.91,2597.27,0.00,0.00,638.87,60.16,46.00
335,28.88,-28.63,14.11,26.07,837.75,38.25,0.00,0.00,0.00,0.00,0.00,0.00,0.00,0.00,157.79,14229.95,0.00,0.00,289.18,334.96,108.00
336,29.13,-28.63,17.04,27.57,1077.25,48.50,0.00,0.00,0.00,0.00,0.00,0.00,0.00,0.00,5431.69,3.13,93.74,4227.33,1237.40,4.74,25.00
338,29.63,-28.63,17.55,28.33,795.00,35.00,0.00,0.00,0.00,0.00,0.00,0.00,0.10,0.00,8813.64,5984.00,0.00,0.00,8842.58,2.41,89.00
339,29.88,-28.63,18.45,29.38,731.25,28.00,0.00,0.00,0.00,0.00,0.00,0.00,0.82,0.00,4831.64,5984.00,3515.90,0.00,1256.69,698.70,65.00
342,30.63,-28.63,18.95,23.58,725.75,39.50,0.00,0.00,0.00,0.00,0.00,0.00,0.69,0.00,7069.71,4382.88,6799.41,0.00,0.00,41.59,30.00
343,30.88,-28.63,14.53,19.52,902.75,53.50,0.00,0.00,0.00,0.00,0.00,0.00,0.37,0.00,2263.54,6646.01,0.00,0.00,0.00,54.22,56.00
345,31.88,-28.63,21.44,21.42,1070.25,131.00,0.00,0.13,0.00,0.00,0.00,0.00,0.88,0.00,5572.22,814.34,0.00,0.00,1763.00,79.86,22.00
346,32.13,-28.63,21.27,17.58,1173.50,160.75,0.00,0.82,0.00,0.00,0.00,0.00,0.10,0.00,4689.71,0.00,0.00,96.91,1817.63,2.53,217.00
348,17.63,-28.88,22.05,25.65,63.75,8.00,0.00,0.00,0.79,0.00,0.00,0.00,0.00,0.17,7500.23,0.00,0.00,0.00,0.00,0.13,11.00
352,25.88,-28.88,16.89,33.95,477.00,26.00,0.00,0.00,0.00,0.00,0.00,0.00,0.00,0.00,2129.84,15260.30,9769.83,701.64,3777.55,1.37,14.00
353,26.13,-28.88,16.52,34.30,517.50,29.00,0.00,0.00,0.00,0.00,0.00,0.00,0.00,0.00,10657.57,6643.72,18655.40,774.40,3379.80,2.21,76.00
360,29.13,-28.88,14.20,20.58,1044.25,45.75,0.00,0.00,0.00,0.00,0.00,0.00,0.00,0.00,72.88,3.13,0.00,0.00,58.28,0.59,41.00
361,29.38,-28.88,17.16,27.17,873.50,42.00,0.00,0.00,0.00,0.00,0.00,0.00,0.00,0.00,4731.82,14634.77,0.00,0.00,475.60,234.38,62.00
362,29.63,-28.88,17.24,27.95,815.75,36.25,0.00,0.00,0.00,0.00,0.00,0.00,0.00,0.00,4655.50,23738.25,3489.67,0.00,0.00,192.80,49.00
363,29.88,-28.88,17.67,27.72,755.00,33.00,0.00,0.00,0.00,0.00,0.00,0.00,0.66,0.00,3270.63,4456.63,3515.90,0.00,1256.69,119.91,41.00
364,30.13,-28.88,18.10,28.50,725.75,33.25,0.00,0.00,0.00,0.00,0.00,0.00,0.97,0.00,2665.39,2271.02,2507.96,0.00,830.33,20.65,72.00
365,30.38,-28.88,17.14,23.45,784.75,40.00,0.00,0.00,0.00,0.00,0.00,0.00,0.94,0.00,4077.39,5543.13,11388.84,0.00,1729.80,64.13,19.00
366,30.63,-28.88,15.70,20.78,878.25,50.50,0.00,0.00,0.00,0.00,0.00,0.00,0.79,0.00,1823.64,8533.80,6799.41,0.00,769.03,13.42,31.00
367,30.88,-28.88,18.94,19.90,831.50,56.50,0.00,0.00,0.00,0.00,0.00,0.00,0.69,0.00,519.20,9292.26,0.00,0.00,1636.60,35.60,19.00
368,31.13,-28.88,19.87,21.92,889.50,68.00,0.00,0.06,0.00,0.00,0.00,0.00,1.00,0.00,3565.64,288.03,0.00,0.00,847.50,60.51,12.00
369,31.38,-28.88,18.69,17.85,1040.25,89.25,0.00,0.25,0.00,0.00,0.00,0.00,0.76,0.00,716.01,5406.20,0.00,0.00,2444.50,4.39,81.00
370,31.63,-28.88,20.39,20.47,1113.00,125.50,0.00,0.68,0.00,0.00,0.00,0.00,0.31,0.00,4082.51,8795.42,0.00,0.00,7364.22,132.03,57.00
371,31.88,-28.88,21.02,18.22,1118.50,145.75,0.00,0.68,0.00,0.00,0.00,0.00,0.01,0.00,2702.66,8751.81,0.00,0.00,378.94,14.81,222.00
380,26.13,-29.13,15.70,32.73,515.50,30.00,0.00,0.00,0.00,0.00,0.00,0.00,0.00,0.00,4862.71,8699.09,884.26,0.00,1328.14,11.04,92.00
384,29.38,-29.13,10.67,22.65,986.00,42.50,0.00,0.00,0.00,0.00,0.00,0.00,0.00,0.00,1446.59,5735.63,0.00,0.00,543.13,0.43,52.00
385,29.63,-29.13,15.00,25.68,950.25,42.25,0.00,0.00,0.00,0.00,0.00,0.00,0.00,0.00,4082.76,2810.77,0.00,0.00,0.00,1.02,30.00
386,29.88,-29.13,15.37,24.93,869.25,41.50,0.00,0.00,0.00,0.00,0.00,0.00,0.10,0.00,1392.45,4762.21,3463.45,0.00,3915.27,6.03,33.00
388,30.38,-29.13,15.14,23.65,888.75,49.25,0.00,0.00,0.00,0.00,0.00,0.00,0.22,0.00,572.91,4423.52,0.00,0.00,1048.13,15.35,11.00
389,30.63,-29.13,16.88,26.87,876.50,57.00,0.00,0.00,0.00,0.00,0.00,0.00,0.11,0.00,917.56,2902.95,0.00,0.00,656.65,6.12,54.00
391,31.13,-29.13,19.77,19.58,950.00,81.00,0.00,0.50,0.00,0.00,0.00,0.00,0.88,0.00,4057.86,288.03,0.00,0.00,676.41,66.18,17.00
392,31.38,-29.13,20.83,21.33,1035.75,111.50,0.00,0.70,0.00,0.00,0.00,0.00,0.31,0.00,3915.45,293.20,0.00,0.00,413.67,888.74,11.00
398,26.63,-29.38,15.54,33.55,580.00,38.50,0.00,0.00,0.00,0.00,0.00,0.00,0.00,0.00,8729.25,2087.14,12782.52,0.00,6362.86,0.52,12.00
400,29.63,-29.38,13.06,27.28,998.50,43.50,0.00,0.00,0.00,0.00,0.00,0.00,0.00,0.00,3436.57,0.00,0.00,0.00,633.41,0.08,87.00
402,30.13,-29.38,15.72,24.75,861.50,42.75,0.00,0.00,0.00,0.00,0.00,0.00,0.00,0.00,92.29,611.50,0.00,0.00,6467.81,15.30,287.00
403,30.38,-29.38,17.55,26.35,794.00,43.75,0.00,0.00,0.00,0.00,0.00,0.00,0.60,0.00,4180.64,200.44,6236.52,0.00,293.69,7.46,219.00
404,30.63,-29.38,17.01,25.78,881.50,57.75,0.00,0.00,0.00,0.00,0.00,0.00,0.72,0.00,331.41,2279.02,6236.52,0.00,432.35,72.00,27.00
406,31.13,-29.38,19.69,18.45,1004.00,97.75,0.00,0.78,0.00,0.00,0.00,0.00,0.21,0.00,2197.86,1812.30,0.00,0.00,2817.32,27.82,21.00
416,29.38,-29.63,12.17,22.80,910.75,37.25,0.00,0.00,0.00,0.00,0.00,0.00,0.00,0.00,119.80,0.00,0.00,0.00,1081.12,0.46,53.00
417,29.63,-29.63,15.75,25.65,913.75,38.25,0.00,0.00,0.00,0.00,0.00,0.00,0.00,0.00,1513.92,0.00,0.00,0.00,633.41,26.65,35.00
418,29.88,-29.63,14.31,22.05,952.00,43.25,0.00,0.00,0.00,0.00,0.00,0.00,0.00,0.00,3681.03,2633.15,0.00,0.00,63.41,100.81,59.00
419,30.13,-29.63,14.96,22.72,935.50,49.00,0.00,0.00,0.00,0.00,0.00,0.00,0.00,0.00,7822.58,3472.81,6373.05,0.00,1393.24,6.69,97.00
420,30.38,-29.63,18.46,28.10,792.75,43.50,0.00,0.00,0.00,0.00,0.00,0.00,0.73,0.00,808.98,5612.75,6236.52,2046.52,484.55,1089.46,954.00
421,30.63,-29.63,19.05,21.57,854.75,63.00,0.00,0.00,0.00,0.00,0.00,0.00,1.00,0.00,1478.40,5612.75,6236.52,106.36,1392.89,150.19,54.00
422,30.88,-29.63,19.14,18.23,954.00,84.25,0.00,0.55,0.00,0.00,0.00,0.00,0.48,0.00,1664.35,2330.92,1598.55,0.00,1743.55,330.23,76.00
423,31.13,-29.63,20.73,18.70,987.50,117.25,0.00,0.60,0.00,0.00,0.00,0.00,0.00,0.00,2443.16,1788.08,177.64,0.00,2817.32,21.37,98.00
424,25.63,-29.88,15.81,33.13,428.50,33.00,0.00,0.00,0.00,0.00,0.00,0.00,0.00,0.00,8657.75,0.00,0.00,0.00,7403.13,0.64,10.00
427,29.13,-29.88,10.68,24.20,805.25,39.50,0.00,0.00,0.00,0.00,0.00,0.00,0.00,0.00,63.78,0.00,0.00,0.00,764.48,29.14,23.00
428,29.38,-29.88,13.65,29.63,1032.00,47.25,0.00,0.00,0.00,0.00,0.00,0.00,0.00,0.00,2924.27,2288.96,0.00,0.00,1020.97,3.23,63.00
429,29.63,-29.88,14.08,24.67,1009.00,46.00,0.00,0.00,0.00,0.00,0.00,0.00,0.00,0.00,11797.05,621.92,0.00,0.00,633.41,3.28,32.00
430,29.88,-29.88,15.53,23.95,939.00,45.25,0.00,0.00,0.00,0.00,0.00,0.00,0.03,0.00,5062.30,1351.34,0.00,0.00,3357.74,6.00,33.00
431,30.13,-29.88,15.99,22.80,906.25,49.75,0.00,0.00,0.00,0.00,0.00,0.00,0.30,0.00,1926.08,1793.49,0.00,0.00,2240.10,16.80,13.00
433,30.63,-29.88,18.66,20.67,909.50,73.25,0.00,0.06,0.00,0.00,0.00,0.00,0.96,0.00,139.56,557.12,1366.43,106.36,751.00,12.88,33.00
434,30.88,-29.88,20.09,18.70,986.75,107.75,0.00,0.87,0.00,0.00,0.00,0.00,0.09,0.00,1714.86,1878.36,4348.13,1778.89,794.51,1278.11,288.00
440,29.88,-30.13,16.94,26.30,836.00,55.75,0.00,0.00,0.00,0.00,0.00,0.00,0.11,0.00,5980.22,1351.34,0.00,0.00,1128.49,106.87,18.00
441,30.13,-30.13,16.92,24.82,848.25,63.75,0.00,0.00,0.00,0.00,0.00,0.00,0.45,0.00,2915.75,3799.20,0.00,0.00,867.05,9.49,18.00
442,30.38,-30.13,18.46,18.40,899.00,71.75,0.00,0.00,0.00,0.00,0.00,0.00,1.00,0.00,5279.54,3191.08,0.00,0.00,1436.11,55.76,26.00
443,30.63,-30.13,20.45,19.15,963.25,96.75,0.00,0.57,0.00,0.00,0.00,0.00,0.45,0.00,1459.46,1670.06,0.00,0.00,401.94,48.38,14.00
448,25.88,-30.38,15.39,31.42,436.50,37.00,0.00,0.00,0.00,0.00,0.00,0.00,0.00,0.00,3050.13,1191.12,0.00,0.00,0.00,0.41,24.00
449,26.13,-30.38,15.95,32.65,440.25,39.25,0.00,0.00,0.00,0.00,0.00,0.00,0.00,0.00,21715.12,7616.01,18818.89,0.00,0.00,0.42,34.00
450,26.38,-30.38,15.45,31.07,496.75,42.50,0.00,0.00,0.00,0.00,0.00,0.00,0.00,0.00,1884.04,0.00,9181.11,0.00,370.68,0.33,20.00
460,30.63,-30.38,20.64,17.65,1034.00,119.25,0.00,0.75,0.00,0.00,0.00,0.00,0.09,0.00,270.70,2048.67,754.95,0.00,391.46,310.23,27.00
462,21.88,-30.63,17.51,32.58,207.75,19.00,0.00,0.00,0.00,0.00,0.00,0.97,0.00,0.00,3686.61,0.00,0.00,0.00,7939.71,0.12,15.00
465,25.38,-30.63,16.38,32.47,397.00,39.00,0.00,0.00,0.00,0.00,0.00,0.32,0.00,0.00,2672.62,3176.07,5574.49,9415.87,1709.09,0.82,11.00
466,26.63,-30.63,15.84,30.58,537.75,47.25,0.00,0.00,0.00,0.00,0.00,0.18,0.00,0.00,3031.24,0.00,0.00,0.00,3380.28,0.66,24.00
467,26.88,-30.63,15.06,30.28,597.75,53.00,0.00,0.00,0.00,0.00,0.00,0.00,0.00,0.00,9908.22,0.00,0.00,0.00,1637.19,0.48,20.00
473,28.63,-30.63,14.76,25.38,730.00,47.00,0.00,0.00,0.00,0.00,0.00,0.00,0.00,0.00,249.07,6762.08,0.00,0.00,1291.70,89.54,25.00
474,29.38,-30.63,15.52,25.35,793.25,51.25,0.00,0.00,0.00,0.00,0.00,0.00,0.00,0.00,6536.36,6363.56,0.00,0.00,287.63,3.87,17.00
476,30.38,-30.63,19.91,16.95,1039.75,108.25,0.00,0.94,0.00,0.00,0.00,0.00,0.06,0.00,93.03,0.00,0.00,0.00,282.83,777.82,29.00
483,27.38,-30.88,13.08,27.62,648.00,54.00,0.00,0.00,0.00,0.00,0.00,0.00,0.00,0.00,1713.28,2649.19,0.00,0.00,0.00,1.25,41.00
489,27.38,-31.13,11.79,27.32,670.00,56.50,0.00,0.00,0.00,0.00,0.00,0.00,0.00,0.00,3376.23,417.47,0.00,0.00,4307.85,0.74,16.00
490,27.63,-31.13,11.34,25.82,705.75,59.00,0.00,0.00,0.00,0.00,0.00,0.00,0.00,0.00,3360.19,4578.15,0.00,0.00,0.00,1.66,19.00
491,27.88,-31.13,12.37,26.30,687.25,52.25,0.00,0.00,0.00,0.00,0.00,0.00,0.00,0.00,7089.94,2602.91,0.00,0.00,6757.19,0.81,47.00
492,28.13,-31.13,15.06,25.18,718.00,46.25,0.00,0.00,0.00,0.00,0.00,0.00,0.00,0.00,1355.87,12454.20,0.00,0.00,6449.04,0.45,49.00
493,28.38,-31.13,15.22,27.90,766.50,46.50,0.00,0.00,0.00,0.00,0.00,0.00,0.00,0.00,3020.21,2505.24,0.00,0.00,6449.04,0.80,23.00
494,30.13,-31.13,20.46,16.45,1086.25,127.50,0.00,0.61,0.00,0.00,0.00,0.00,0.03,0.00,152.03,0.00,0.00,0.00,425.53,27.12,108.00
495,19.13,-31.38,16.79,28.25,274.75,23.75,0.00,0.00,0.00,0.00,0.64,0.00,0.00,0.32,2821.56,44.05,0.00,0.00,136.25,101.95,13.00
501,26.63,-31.38,12.32,30.02,580.25,60.00,0.00,0.00,0.00,0.00,0.00,0.00,0.00,0.00,259.52,2752.47,0.00,0.00,0.00,1.16,10.00
503,27.63,-31.38,15.63,25.72,628.75,47.25,0.00,0.00,0.00,0.00,0.00,0.00,0.00,0.00,786.03,3355.99,0.00,0.00,2115.96,3.37,14.00
504,27.88,-31.38,15.04,26.00,665.00,46.25,0.00,0.00,0.00,0.00,0.00,0.00,0.00,0.00,1566.21,118.76,0.00,0.00,90.22,1.66,17.00
505,28.13,-31.38,15.15,25.50,708.75,46.00,0.00,0.00,0.00,0.00,0.00,0.00,0.00,0.00,6222.52,3445.61,0.00,0.00,7065.34,3.78,11.00
506,28.38,-31.38,15.06,26.43,736.50,47.00,0.00,0.00,0.00,0.00,0.00,0.00,0.01,0.00,6222.52,1365.63,11262.60,0.00,3163.54,3.81,19.00
511,26.88,-31.63,15.05,26.50,565.25,52.00,0.00,0.00,0.00,0.00,0.00,0.00,0.00,0.00,1598.47,2652.12,2987.15,0.00,1465.47,2.13,41.00
515,29.38,-31.63,19.34,16.48,1041.25,109.00,0.00,0.52,0.00,0.00,0.00,0.00,0.41,0.00,64.11,0.00,0.00,0.00,2066.91,430.85,14.00
527,18.88,-32.13,19.33,27.17,241.00,18.00,0.00,0.00,0.00,0.00,0.96,0.00,0.00,0.04,123.90,7092.56,5380.15,0.00,598.16,5.58,30.00
530,23.63,-32.13,15.52,28.45,285.50,40.00,0.00,0.00,0.00,0.00,0.00,0.98,0.00,0.00,1461.79,58.58,0.00,0.00,1862.74,0.35,14.00
532,25.13,-32.13,13.39,28.02,449.75,53.00,0.00,0.00,0.00,0.00,0.00,0.51,0.00,0.00,1783.91,3012.38,2792.94,0.00,918.76,0.38,12.00
533,25.38,-32.13,15.62,28.22,406.50,47.75,0.09,0.00,0.00,0.00,0.00,0.44,0.00,0.00,1623.90,416.79,4660.55,0.00,2173.12,0.78,13.00
538,19.13,-32.38,12.96,22.67,344.50,47.50,0.00,0.00,0.00,0.00,0.94,0.00,0.00,0.03,1985.33,1281.35,0.00,0.00,0.00,0.75,67.00
539,19.38,-32.38,16.63,25.85,250.75,29.00,0.00,0.00,0.00,0.00,0.59,0.00,0.00,0.42,9537.27,0.00,0.00,0.00,2921.14,3.81,36.00
543,24.38,-32.38,18.06,27.78,314.00,44.75,0.30,0.00,0.00,0.00,0.00,0.95,0.00,0.00,2165.80,9391.11,5597.75,0.00,1305.96,0.62,31.00
545,25.38,-32.38,13.94,27.18,463.25,55.00,0.00,0.00,0.00,0.00,0.00,0.02,0.00,0.00,875.38,1430.87,925.33,0.00,1013.85,0.13,21.00
550,26.88,-32.38,13.94,24.48,643.00,58.75,0.00,0.00,0.00,0.00,0.00,0.00,0.04,0.00,971.81,469.62,4999.22,0.00,1472.86,1.85,39.00
557,19.13,-32.63,15.29,24.30,329.50,38.00,0.00,0.00,0.00,0.00,0.97,0.00,0.00,0.04,524.92,0.00,9272.91,48.39,1877.16,13.36,33.00
558,19.38,-32.63,16.05,25.30,272.50,34.00,0.00,0.00,0.00,0.00,0.78,0.00,0.00,0.20,1384.57,0.00,0.00,0.00,2247.40,0.12,70.00
559,24.13,-32.63,17.72,28.97,300.25,43.00,0.02,0.00,0.00,0.00,0.00,0.99,0.00,0.00,6565.41,2936.14,0.00,0.00,0.00,0.43,13.00
564,26.88,-32.63,15.05,19.53,660.50,66.00,0.36,0.00,0.00,0.00,0.00,0.00,0.19,0.00,759.65,469.62,5771.60,0.00,143.69,0.79,70.00
566,27.38,-32.63,16.48,21.03,709.50,64.75,0.00,0.00,0.00,0.00,0.00,0.00,0.12,0.00,4013.08,16852.27,1175.41,0.00,61.21,3.99,140.00
570,18.88,-32.88,18.60,26.13,380.25,35.00,0.00,0.00,0.00,0.00,0.97,0.00,0.00,0.00,4006.10,5799.79,1937.83,4173.21,5293.70,5.28,16.00
571,19.13,-32.88,15.97,23.83,362.50,40.50,0.00,0.00,0.00,0.00,0.97,0.00,0.00,0.00,2338.50,5909.15,8370.28,48.39,2722.92,8.59,24.00
574,25.13,-32.88,17.34,26.38,347.00,50.25,0.74,0.00,0.00,0.00,0.00,0.24,0.00,0.00,1448.01,5462.77,413.67,4098.02,0.00,0.26,16.00
578,27.63,-32.88,17.53,19.42,796.75,80.00,0.46,0.00,0.00,0.00,0.00,0.00,0.56,0.00,2448.33,6060.85,581.10,0.00,476.04,1.53,25.00
582,18.63,-33.13,18.05,24.00,412.00,36.75,0.00,0.00,0.00,0.00,0.97,0.00,0.00,0.00,0.00,8881.82,4294.32,0.00,6556.95,3.07,10.00
584,19.13,-33.13,14.15,22.42,428.25,51.00,0.00,0.00,0.00,0.00,0.97,0.00,0.00,0.00,883.62,43.13,41.17,0.00,900.54,12.44,65.00
590,27.63,-33.13,18.74,17.55,791.75,111.00,0.77,0.00,0.00,0.00,0.00,0.00,0.00,0.00,282.48,271.06,0.00,0.00,476.04,40.93,18.00
594,18.88,-33.38,17.14,22.92,544.50,51.50,0.00,0.00,0.00,0.00,0.98,0.00,0.00,0.00,901.91,4856.39,11715.65,0.00,3391.13,33.57,32.00
595,19.13,-33.38,17.02,23.60,534.00,51.50,0.00,0.00,0.00,0.00,0.98,0.00,0.00,0.00,1203.08,1448.05,8497.81,0.00,900.54,9.35,21.00
596,19.38,-33.38,16.52,26.50,464.00,50.00,0.00,0.00,0.00,0.00,0.98,0.00,0.00,0.00,1394.99,6341.65,4526.78,0.00,0.00,8.00,121.00
597,19.63,-33.38,10.01,22.05,476.25,85.75,0.00,0.00,0.00,0.00,0.98,0.00,0.00,0.00,522.88,919.49,941.38,0.00,57.66,2.16,13.00
599,21.38,-33.38,12.18,23.60,347.00,72.00,0.00,0.00,0.00,0.00,0.84,0.00,0.00,0.14,617.31,26.80,0.00,0.00,60.14,0.37,54.00
601,22.13,-33.38,14.69,23.70,293.00,54.00,0.09,0.00,0.00,0.00,0.85,0.00,0.00,0.04,1021.59,0.00,68.86,0.00,1082.29,5.79,35.00
609,26.63,-33.38,18.20,19.53,645.75,101.50,0.46,0.00,0.00,0.00,0.19,0.00,0.36,0.00,2448.95,256.02,6278.50,0.00,0.00,5.41,60.00
610,26.88,-33.38,18.14,18.53,667.25,104.50,0.80,0.00,0.00,0.00,0.07,0.00,0.15,0.00,434.61,1331.71,5541.73,0.00,1027.65,2.66,14.00
614,18.88,-33.63,17.91,23.23,618.00,56.25,0.00,0.00,0.00,0.00,0.98,0.00,0.00,0.00,48.38,1649.10,8396.98,0.00,4170.44,33.64,30.00
615,19.13,-33.63,13.58,20.25,617.75,73.50,0.00,0.00,0.00,0.00,0.98,0.00,0.00,0.00,600.74,2321.91,7752.82,0.00,0.00,13.81,337.00
616,19.38,-33.63,17.46,24.10,601.75,58.00,0.00,0.00,0.00,0.00,0.98,0.00,0.00,0.06,1039.09,45.11,6022.10,0.00,26.03,24.96,87.00
618,19.88,-33.63,13.50,25.43,373.00,59.25,0.00,0.00,0.00,0.00,0.98,0.00,0.00,0.02,1383.45,1218.36,612.54,0.00,1514.04,0.85,10.00
622,22.13,-33.63,17.86,25.40,306.25,69.50,0.39,0.00,0.00,0.00,0.02,0.00,0.00,0.57,669.62,1351.16,3260.96,0.00,4469.02,16.98,11.00
626,24.63,-33.63,16.15,20.87,531.25,97.75,0.43,0.00,0.00,0.00,0.58,0.00,0.00,0.00,986.72,8895.13,13319.22,2626.01,78.09,0.13,33.00
631,26.63,-33.63,18.68,17.52,654.50,121.75,0.81,0.00,0.00,0.00,0.00,0.00,0.03,0.00,4629.44,303.71,6278.50,0.00,0.00,2.42,56.00
633,18.38,-33.88,16.70,14.78,538.75,47.00,0.00,0.00,0.00,0.00,0.25,0.00,0.00,0.00,98.09,15435.14,4670.52,27.11,0.00,8087.67,109.00
634,18.63,-33.88,17.18,19.35,630.75,54.50,0.00,0.00,0.00,0.00,0.98,0.00,0.00,0.00,108.05,9291.78,9058.78,6692.55,230.96,1259.39,42.00
635,18.88,-33.88,16.48,20.90,787.50,72.75,0.00,0.00,0.00,0.00,0.98,0.00,0.00,0.00,48.38,7223.74,4627.79,0.00,54.23,48.90,105.00
636,19.13,-33.88,13.91,20.70,718.75,81.25,0.00,0.00,0.00,0.00,0.98,0.00,0.00,0.00,1736.34,1345.52,280.84,0.00,67.80,3.77,271.00
637,19.38,-33.88,16.90,23.33,698.00,74.25,0.00,0.00,0.00,0.00,0.98,0.00,0.00,0.06,103.26,6262.25,21.04,0.00,26.03,2.84,121.00
639,19.88,-33.88,18.04,24.45,435.75,59.75,0.00,0.00,0.00,0.00,0.98,0.00,0.00,0.29,333.96,191.15,2220.03,0.00,17.58,12.23,31.00
640,20.13,-33.88,17.63,24.05,384.25,62.50,0.00,0.00,0.00,0.00,0.98,0.00,0.00,0.18,2429.30,3098.81,8928.95,0.00,1011.20,5.02,10.00
641,20.38,-33.88,17.69,24.78,346.75,61.25,0.00,0.00,0.00,0.00,0.98,0.00,0.00,0.05,3454.08,6833.35,474.31,0.00,1116.72,4.23,10.00
642,20.63,-33.88,16.59,24.42,344.00,66.75,0.00,0.00,0.00,0.00,0.98,0.00,0.00,0.00,829.69,2391.34,4562.21,0.00,3048.95,5.19,14.00
646,22.13,-33.88,13.38,18.80,479.50,94.50,0.00,0.00,0.00,0.00,0.88,0.00,0.00,0.10,2272.98,3926.53,622.93,0.00,37.87,3.10,39.00
647,22.38,-33.88,14.80,19.12,480.75,98.75,0.00,0.00,0.00,0.00,0.86,0.00,0.00,0.12,1113.81,3134.25,0.00,0.00,3006.46,22.73,23.00
648,22.63,-33.88,15.49,18.55,552.00,109.50,0.00,0.00,0.00,0.06,0.98,0.00,0.00,0.00,68.79,534.39,0.00,0.00,4531.79,1.31,18.00
650,23.13,-33.88,15.60,18.82,637.75,127.25,0.00,0.00,0.00,0.23,0.79,0.00,0.00,0.00,2516.50,0.00,0.00,0.00,133.80,2.50,10.00
651,23.38,-33.88,16.32,19.15,703.75,141.25,0.00,0.00,0.00,0.08,0.93,0.00,0.00,0.00,134.92,0.00,0.00,0.00,422.78,0.61,61.00
652,23.63,-33.88,14.76,18.52,676.75,128.50,0.00,0.00,0.00,0.11,0.87,0.00,0.00,0.00,144.83,380.94,0.00,0.00,368.80,0.61,276.00
653,23.88,-33.88,14.55,19.72,662.50,127.75,0.00,0.00,0.00,0.04,0.97,0.00,0.00,0.00,1029.84,21.36,5466.49,0.00,168.87,3.08,241.00
654,24.13,-33.88,15.79,20.38,664.00,131.25,0.00,0.00,0.00,0.01,0.98,0.00,0.00,0.00,1057.63,1005.30,6453.73,0.00,408.61,0.66,66.00
655,24.38,-33.88,16.47,21.25,658.00,134.00,0.01,0.00,0.00,0.00,0.98,0.00,0.00,0.00,325.76,3966.47,6177.12,0.00,730.88,1.23,18.00
656,24.88,-33.88,18.05,20.53,603.75,130.50,0.45,0.00,0.00,0.00,0.57,0.00,0.00,0.00,4037.51,0.00,8835.49,0.00,1828.93,8.52,28.00
657,25.13,-33.88,17.29,19.50,570.50,118.25,0.29,0.00,0.00,0.00,0.54,0.00,0.00,0.00,0.00,0.00,1987.60,474.85,65.02,4.21,58.00
660,18.38,-34.13,16.70,14.78,538.75,47.00,0.00,0.00,0.00,0.00,0.44,0.00,0.00,0.00,87.59,102.82,0.00,7470.12,0.00,8087.67,51.00
662,18.88,-34.13,17.22,18.55,697.00,62.50,0.00,0.00,0.00,0.00,0.76,0.00,0.00,0.00,167.72,823.51,5480.46,157.55,407.69,1853.83,51.00
663,19.13,-34.13,13.49,19.40,759.75,93.50,0.00,0.00,0.00,0.00,0.98,0.00,0.00,0.00,3274.97,5640.83,1036.63,0.00,24.23,15.39,56.00
664,19.38,-34.13,15.66,21.48,724.75,86.75,0.00,0.00,0.00,0.00,0.98,0.00,0.00,0.00,166.71,2186.51,1691.70,0.00,109.57,6.24,27.00
665,19.63,-34.13,16.46,22.60,586.00,80.75,0.00,0.00,0.00,0.00,0.98,0.00,0.00,0.00,43.67,7868.10,5839.87,0.00,19.54,2.46,13.00
666,19.88,-34.13,16.38,22.25,494.00,75.50,0.00,0.00,0.00,0.00,0.98,0.00,0.00,0.00,926.49,1631.21,13531.89,0.00,17.58,2.79,15.00
668,20.38,-34.13,18.41,23.53,394.25,70.00,0.00,0.00,0.00,0.00,0.98,0.00,0.00,0.00,22370.02,1024.39,222.87,0.00,586.34,5.29,105.00
669,20.88,-34.13,17.91,23.13,408.75,82.25,0.00,0.00,0.00,0.00,0.98,0.00,0.00,0.00,1688.78,1254.90,0.00,0.00,0.00,2.44,16.00
679,24.63,-34.13,17.05,17.32,739.00,154.00,0.00,0.00,0.00,0.00,0.73,0.00,0.00,0.00,0.00,9069.76,786.49,0.00,317.27,4.72,24.00
684,19.13,-34.38,16.57,14.95,642.50,67.00,0.00,0.00,0.00,0.00,0.57,0.00,0.00,0.00,271.21,3304.04,3765.35,0.00,24.23,466.55,23.00
689,21.38,-34.38,17.21,18.82,462.50,93.00,0.00,0.00,0.00,0.00,0.63,0.00,0.00,0.00,844.11,339.02,4512.34,0.00,1156.83,34.71,10.00
691,20.13,-34.63,17.45,18.42,455.00,71.75,0.00,0.00,0.00,0.00,0.85,0.00,0.00,0.00,20565.63,13891.59,0.00,0.00,5851.65,0.59,13.00
